UIN,Team,Score
828002068,Grim Reaper,-8.640327525487002
12345,Nice guy,-12.34225091552919
11552244,Tit For Tat,-10.095906707479838
54321,Tough guy,-8.707810993249758
